{
	"class_name" : "PinholeCameraParameters",
	"extrinsic" : 
	[
		0.68612169716646343,
		0.62935546850435864,
		-0.36489547947470008,
		0.0,
		0.56016506648656128,
		-0.77708140113955926,
		-0.28698361327972355,
		0.0,
		-0.46416819684842531,
		-0.0074960167181430176,
		-0.8857153576447927,
		0.0,
		-2.4097021748344658,
		-2.1537087546961415,
		10.577733262984179,
		1.0
	],
	"intrinsic" : 
	{
		"height" : 1830,
		"intrinsic_matrix" : 
		[
			1584.8264889255231,
			0.0,
			0.0,
			0.0,
			1584.8264889255231,
			0.0,
			1397.5,
			914.5,
			1.0
		],
		"width" : 2796
	},
	"version_major" : 1,
	"version_minor" : 0
}